	text
0	"Translated(src=zu, dest=en, text=RT @ClixWell: Rest in peace. Msunu kanyoko., pronunciation=[[]], extra_data=""{'translat..."")"
1	"Translated(src=en, dest=en, text=RT @Msa_Makhaye: I wanna start this day so De Klerk can die again rot in hell Msunu kanyoko! https://t.co/PnOms1xuYt, pronunciation=RT @Msa_Makhaye: I wanna start this day so De Klerk can die again rot in hell Msunu kanyoko! https://t.co/PnOms1xuYt, extra_data=""{'translat..."")"
2	"Translated(src=zu, dest=en, text=RT @ClixWell: Rest in peace. Msunu kanyoko., pronunciation=[[]], extra_data=""{'translat..."")"
3	"Translated(src=zu, dest=en, text=In other words ..... Good luck to your mother. https://t.co/apnfUQc1EX, pronunciation=[[]], extra_data=""{'translat..."")"
4	"Translated(src=zu, dest=en, text=RT @ClixWell: Rest in peace. Msunu kanyoko., pronunciation=[[]], extra_data=""{'translat..."")"
5	"Translated(src=en, dest=en, text=I wanna restart this day so De Klerk can die again  rot in hell Msunu ka nyoko! https://t.co/PnOms1xuYt, pronunciation=I wanna restart this day so De Klerk can die again  rot in hell Msunu ka nyoko! https://t.co/PnOms1xuYt, extra_data=""{'translat..."")"
6	"Translated(src=zu, dest=en, text=RT @ClixWell: Rest in peace. Msunu kanyoko., pronunciation=[[]], extra_data=""{'translat..."")"
7	"Translated(src=zu, dest=en, text=@EffRonny Msunu wage, pronunciation=@EffRonny Msunu wage, extra_data=""{'translat..."")"
8	"Translated(src=zu, dest=en, text=RT @ClixWell: Rest in peace. Msunu kanyoko., pronunciation=[[]], extra_data=""{'translat..."")"
9	"Translated(src=zu, dest=en, text=RT @ClixWell: Rest in peace. Msunu kanyoko., pronunciation=[[]], extra_data=""{'translat..."")"
10	"Translated(src=zu, dest=en, text=RT @ClixWell: Rest in peace. Msunu kanyoko., pronunciation=[[]], extra_data=""{'translat..."")"
11	"Translated(src=zu, dest=en, text=RT @ClixWell: Rest in peace. Msunu kanyoko., pronunciation=[[]], extra_data=""{'translat..."")"
12	"Translated(src=af, dest=en, text=@TimesLIVE Voestek msunu ka Jan Van Riebeeck combined, pronunciation=@TimesLIVE Voestek msunu ka Jan Van Riebeeck combined, extra_data=""{'translat..."")"
13	"Translated(src=zu, dest=en, text=@FACEBOO___ @Julius_S_Malema @Ori_Debig_Beats Uyanya msunu, pronunciation=@FACEBOO___ @Julius_S_Malema @Ori_Debig_Beats Uyanya msunu, extra_data=""{'translat..."")"
14	"Translated(src=en, dest=en, text=RT @Ntsika9809: FW De Klerk, the last Apartheid President has died.
May the dog not be given a State funeral
May his remains be thrown in tâ€¦, pronunciation=RT @Ntsika9809: FW De Klerk, the last Apartheid President has died.
May the dog not be given a State funeral
May his remains be thrown in tâ€¦, extra_data=""{'translat..."")"
15	"Translated(src=ny, dest=en, text=RT @ ChrisExcel102: Your smile and your smile., pronunciation=RT @ ChrisExcel102: Your smile and your smile., extra_data=""{'translat..."")"
16	"Translated(src=zu, dest=en, text=RT @ClixWell: Rest in peace. Msunu kanyoko., pronunciation=[[]], extra_data=""{'translat..."")"
17	"Translated(src=zu, dest=en, text=@sne_fortune @ kimheller3 As for Msunu Ka nyoko ðŸ¤£ðŸ¤£ðŸ¤£, pronunciation=@sne_fortune @ kimheller3 As for Msunu Ka nyoko ðŸ¤£ðŸ¤£ðŸ¤£, extra_data=""{'translat..."")"
18	"Translated(src=zu, dest=en, text=He died a little. Msunu of separate development https://t.co/NKvTU2bRuj, pronunciation=[[]], extra_data=""{'translat..."")"
19	"Translated(src=zu, dest=en, text=RT @ClixWell: Rest in peace. Msunu kanyoko., pronunciation=[[]], extra_data=""{'translat..."")"
20	"Translated(src=sn, dest=en, text=@TsiripaM @uMaster_Sandz @tumisole @Julius_S_Malema Voestek msunu by Jan Van Riebeeck combined, pronunciation=@TsiripaM @uMaster_Sandz @tumisole @Julius_S_Malema Voestek msunu by Jan Van Riebeeck combined, extra_data=""{'translat..."")"
21	"Translated(src=en, dest=en, text=RT @MaloyiIsaac: Covid deaths are increasing and lockdown will be implemented and we as the EFF supporters will be irritated by those who wâ€¦, pronunciation=RT @MaloyiIsaac: Covid deaths are increasing and lockdown will be implemented and we as the EFF supporters will be irritated by those who wâ€¦, extra_data=""{'translat..."")"
22	"Translated(src=zu, dest=en, text=RT @ClixWell: Rest in peace. Msunu kanyoko., pronunciation=[[]], extra_data=""{'translat..."")"
23	"Translated(src=xh, dest=en, text=@NdinguYaya @ferb_dee Even better I'll push the wheels fast, pronunciation=@NdinguYaya @ferb_dee Even better I'll push the wheels fast, extra_data=""{'translat..."")"
24	"Translated(src=zu, dest=en, text=RT @ClixWell: Rest in peace. Msunu kanyoko., pronunciation=[[]], extra_data=""{'translat..."")"
25	"Translated(src=en, dest=en, text=RT @EFFSouthAfrica: EFF Statement On The Death Of Apartheid President F.W De Klerk https://t.co/SgWBEXLriy, pronunciation=RT @EFFSouthAfrica: EFF Statement On The Death Of Apartheid President F.W De Klerk https://t.co/SgWBEXLriy, extra_data=""{'translat..."")"
26	"Translated(src=en, dest=en, text=I'm happy that old racist is dead.

Come at me with your two cents of "" clever blacks "" 
Otlo nyela msunu wenja, pronunciation=I'm happy that old racist is dead.

Come at me with your two cents of "" clever blacks "" 
Otlo nyela msunu wenja, extra_data=""{'translat..."")"
27	"Translated(src=zu, dest=en, text=RT @ClixWell: Rest in peace. Msunu kanyoko., pronunciation=[[]], extra_data=""{'translat..."")"
28	"Translated(src=zu, dest=en, text=RT @ClixWell: Rest in peace. Msunu kanyoko., pronunciation=[[]], extra_data=""{'translat..."")"
29	"Translated(src=zu, dest=en, text=RT @ClixWell: Rest in peace. Msunu kanyoko., pronunciation=[[]], extra_data=""{'translat..."")"
30	"Translated(src=zu, dest=en, text=RT @ClixWell: Rest in peace. Msunu kanyoko., pronunciation=[[]], extra_data=""{'translat..."")"
31	"Translated(src=zu, dest=en, text=RT @ClixWell: Rest in peace. Msunu kanyoko., pronunciation=[[]], extra_data=""{'translat..."")"
32	"Translated(src=zu, dest=en, text=RT @ClixWell: Rest in peace. Msunu kanyoko., pronunciation=[[]], extra_data=""{'translat..."")"
33	"Translated(src=zu, dest=en, text=RT @ClixWell: Rest in peace. Msunu kanyoko., pronunciation=[[]], extra_data=""{'translat..."")"
34	"Translated(src=zu, dest=en, text=RT @ClixWell: Rest in peace. Msunu kanyoko., pronunciation=[[]], extra_data=""{'translat..."")"
35	"Translated(src=zu, dest=en, text=RT @ClixWell: Rest in peace. Msunu kanyoko., pronunciation=[[]], extra_data=""{'translat..."")"
36	"Translated(src=zu, dest=en, text=RT @ClixWell: Rest in peace. Msunu kanyoko., pronunciation=[[]], extra_data=""{'translat..."")"
37	"Translated(src=zu, dest=en, text=RT @ClixWell: Rest in peace. Msunu kanyoko., pronunciation=[[]], extra_data=""{'translat..."")"
38	"Translated(src=zu, dest=en, text=RT @ClixWell: Rest in peace. Msunu kanyoko., pronunciation=[[]], extra_data=""{'translat..."")"
39	"Translated(src=zu, dest=en, text=RT @ClixWell: Rest in peace. Msunu kanyoko., pronunciation=[[]], extra_data=""{'translat..."")"
40	"Translated(src=zu, dest=en, text=RT @ClixWell: Rest in peace. Msunu kanyoko., pronunciation=[[]], extra_data=""{'translat..."")"
41	"Translated(src=zu, dest=en, text=RT @ClixWell: Rest in peace. Msunu kanyoko., pronunciation=[[]], extra_data=""{'translat..."")"
42	"Translated(src=zu, dest=en, text=RT @ClixWell: Rest in peace. Msunu kanyoko., pronunciation=[[]], extra_data=""{'translat..."")"
43	"Translated(src=zu, dest=en, text=RT @ClixWell: Rest in peace. Msunu kanyoko., pronunciation=[[]], extra_data=""{'translat..."")"
44	"Translated(src=zu, dest=en, text=RT @ClixWell: Rest in peace. Msunu kanyoko., pronunciation=[[]], extra_data=""{'translat..."")"
45	"Translated(src=en, dest=en, text=RT @MaloyiIsaac: Covid deaths are increasing and lockdown will be implemented and we as the EFF supporters will be irritated by those who wâ€¦, pronunciation=RT @MaloyiIsaac: Covid deaths are increasing and lockdown will be implemented and we as the EFF supporters will be irritated by those who wâ€¦, extra_data=""{'translat..."")"
46	"Translated(src=zu, dest=en, text=RT @ClixWell: Rest in peace. Msunu kanyoko., pronunciation=[[]], extra_data=""{'translat..."")"
47	"Translated(src=zu, dest=en, text=RT @ClixWell: Rest in peace. Msunu kanyoko., pronunciation=[[]], extra_data=""{'translat..."")"
48	"Translated(src=zu, dest=en, text=RT @ClixWell: Rest in peace. Msunu kanyoko., pronunciation=[[]], extra_data=""{'translat..."")"
49	"Translated(src=zu, dest=en, text=RT @ClixWell: Rest in peace. Msunu kanyoko., pronunciation=[[]], extra_data=""{'translat..."")"
